{"SSR10-0005":[37.78257232,-122.2645318],"SSR11-0059":[37.75808552,-122.2442448],"SSR13-0026":[37.75855875,-122.2438525],"SSR11-0046":[37.7591239,-122.2449456],"SSR13-0027":[37.75867254,-122.2437581],"SSR13-0028":[37.75878296,-122.2436666],"SSR11-0058":[37.76001574,-122.2454246],"SSR12-0009":[37.75968668,-122.2443345],"SSR11-0008":[37.75984778,-122.2442008],"SSR12-0010":[37.76114451,-122.2457772],"SSR13-0024":[37.7612608,-122.2456881],"SSR13-0025":[37.76138014,-122.2455972],"SSR11-0060":[37.759981,-122.2425094],"SSR11-0061":[37.76058587,-122.2420626],"SSR10-0036":[37.76339997,-122.2430224],"SSR10-0043":[37.76380781,-122.2427537],"SSR12-0003":[37.77108581,-122.2598151],"SSR12-0005":[37.76997283,-122.2617725],"SSR13-0038":[37.77194846,-122.2708697],"SSR13-0018":[37.76907346,-122.2519405],"SSR10-0039":[37.77254186,-122.2731077],"SSR10-0047":[37.7728067,-122.2791018],"SSR13-0002":[37.77289879,-122.2730958],"SSR13-0005":[37.77265505,-122.2648456],"SSR11-0065":[37.77059663,-122.2608866],"SSR11-0044":[37.77109611,-122.25449],"SSR11-0039":[37.76997335,-122.2519793],"SSR11-0019":[37.76551358,-122.2412392],"SSR13-0023":[37.77358746,-122.2680949],"SSR11-0054":[37.77016341,-122.2518452],"SSR12-0011":[37.76605847,-122.2417419],"SSR13-0035":[37.77381299,-122.2668455],"SSR11-0037":[37.77113544,-122.2534561],"SSR11-0011":[37.77136801,-122.2532859],"SSR13-0036":[37.77395176,-122.2668369],"SSR13-0029":[37.7739279,-122.2662387],"SSR11-0007":[37.77079123,-122.2515126],"SSR13-0037":[37.77408785,-122.2668285],"SSR10-0050":[37.77431306,-122.2654433],"SSR10-0038":[37.77491033,-122.2764359],"SSR13-0034":[37.77451475,-122.2634909],"SSR12-0008":[37.77497096,-122.2571027],"SSR11-0063":[37.77235517,-122.2569737],"SSR10-0032":[37.76994065,-122.2568239],"SSR10-0021":[37.77039309,-122.2560241],"SSR13-0014":[37.76952725,-122.2558745],"SSR10-0003":[37.75933192,-122.2617433],"SSR11-0013":[37.77038379,-122.2543447],"SSR13-0015":[37.76974706,-122.2545473],"SSR11-0053":[37.76938108,-122.2551145],"SSR11-0042":[37.7707554,-122.2536025],"SSR10-0002":[37.77893633,-122.2851867],"SSR10-0013":[37.75880819,-122.2611533],"SSR11-0017":[37.76880209,-122.2542053],"SSR10-0035":[37.77877625,-122.2740282],"SSR11-0001":[37.76889512,-122.2529577],"SSR11-0064":[37.77015427,-122.2520978],"SSR11-0055":[37.76673368,-122.254302],"SSR10-0016":[37.7582502,-122.2596457],"SSR11-0047":[37.76878492,-122.2523422],"SSR11-0022":[37.76871777,-122.2521893],"SSR11-0023":[37.76864964,-122.2520335],"SSR11-0024":[37.76858555,-122.2518795],"SSR13-0003":[37.76755611,-122.2523916],"SSR10-0018":[37.75776537,-122.2583442],"SSR10-0052":[37.76489477,-122.2540437],"SSR11-0049":[37.76845088,-122.2515783],"SSR12-0001":[37.76770427,-122.2516919],"SSR11-0038":[37.76818918,-122.2509799],"SSR11-0009":[37.7686803,-122.2505912],"SSR10-0022":[37.7680888,-122.2507516],"SSR11-0045":[37.76363127,-122.2537299],"SSR11-0010":[37.7692505,-122.2498541],"SSR13-0016":[37.7673766,-122.250942],"SSR10-0015":[37.75724843,-122.257006],"SSR11-0050":[37.76792154,-122.2503688],"SSR10-0028":[37.76639372,-122.2512206],"SSR10-0045":[37.76845858,-122.2501095],"SSR11-0051":[37.76785326,-122.2502134],"SSR13-0012":[37.7713191,-122.2476506],"SSR11-0043":[37.76828668,-122.2497166],"SSR12-0002":[37.76336743,-122.2531243],"SSR12-0006":[37.76586461,-122.2510523],"SSR11-0052":[37.7674815,-122.249518],"SSR10-0001":[37.75709131,-122.2553889],"SSR12-0021":[37.76854185,-122.2484059],"SSR10-0023":[37.76799056,-122.2488768],"SSR11-0025":[37.76734126,-122.2490273],"SSR11-0033":[37.76853374,-122.2482094],"SSR11-0006":[37.76777408,-122.2485385],"SSR11-0026":[37.76727747,-122.2488803],"SSR11-0031":[37.760574,-122.260375],"SSR10-0044":[37.76873881,-122.2471788],"SSR13-0004":[37.76557962,-122.2494661],"SSR10-0033":[37.768202,-122.2474062],"SSR11-0002":[37.7685896,-122.246834],"SSR11-0034":[37.76751201,-122.2479329],"SSR10-0049":[37.76851892,-122.2466709],"SSR11-0035":[37.76801009,-122.2469986],"SSR13-0019":[37.761759,-122.251102],"SSR10-0009":[37.76041919,-122.2519507],"SSR11-0036":[37.7672479,-122.2473226],"SSR13-0030":[37.76400544,-122.2493992],"SSR11-0056":[37.76824757,-122.2460436],"SSR13-0020":[37.76407645,-122.2485189],"SSR12-0015":[37.76259946,-122.2487894],"SSR12-0016":[37.76210291,-122.249138],"SSR13-0031":[37.76340421,-122.2480364],"SSR11-0027":[37.76610306,-122.2461534],"SSR12-0017":[37.76253213,-122.2486339],"SSR11-0005":[37.75958468,-122.2509883],"SSR11-0020":[37.7632717,-122.2477312],"SSR11-0029":[37.76361932,-122.2474901],"SSR11-0003":[37.76792079,-122.244601],"SSR11-0012":[37.75938394,-122.2507454],"SSR11-0040":[37.76269962,-122.2479307],"SSR11-0018":[37.76348944,-122.2471909],"SSR11-0015":[37.76753062,-122.2443975],"SSR12-0012":[37.76256765,-122.2476271],"SSR12-0018":[37.76170708,-122.2482279],"SSR11-0028":[37.76579501,-122.2454514],"SSR10-0020":[37.76816062,-122.2434768],"SSR12-0013":[37.76300888,-122.2471254],"SSR11-0004":[37.76740035,-122.2440966],"SSR12-0014":[37.76250196,-122.247476],"SSR11-0032":[37.76164281,-122.2480799],"SSR10-0024":[37.76723323,-122.2444007],"SSR10-0026":[37.76690284,-122.2444393],"SSR11-0041":[37.76150636,-122.2477662],"SSR10-0051":[37.76544553,-122.244655],"SSR12-0019":[37.76187585,-122.2471178],"SSR11-0030":[37.76295867,-122.245967],"SSR11-0021":[37.76539435,-122.2426801],"SSR12-0004":[37.76841268,-122.2384966],"SSR10-0004":[37.76330073,-122.2414417],"SSR10-0006":[37.75430808,-122.248687],"SSR10-0011":[37.75379578,-122.2475281],"SSR13-0017":[37.76188202,-122.2385857],"SSR11-0057":[37.77609673,-122.2877464],"SSR10-0027":[37.75314319,-122.2471026],"SSR13-0006":[37.75699424,-122.2323766],"SSR13-0007":[37.75681216,-122.2321154],"SSR13-0008":[37.75618498,-122.2325817],"SSR13-0009":[37.75672242,-122.2319868],"SSR11-0066":[37.7560037,-122.2323204],"SSR11-0067":[37.75645014,-122.2315962],"SSR10-0014":[37.75931698,-122.2608531],"SSR13-0010":[37.75555631,-122.2316766],"SSR10-0010":[37.75420437,-122.246901],"SSR10-0025":[37.75505163,-122.2487108],"SSR12-0020":[37.77324937,-122.2854394],"SSR10-0019":[37.75941911,-122.2558024],"SSR10-0037":[37.7767044,-122.2842836],"SSR10-0012":[37.77081411,-122.2844895],"SSR13-0011":[37.77719983,-122.2825954],"SSR11-0048":[37.77182955,-122.2826008],"SSR10-0029":[37.77498833,-122.2816718],"SSR10-0030":[37.77517039,-122.2820103],"SSR11-0068":[37.77704939,-122.2812804],"SSR10-0007":[37.77830791,-122.2799386],"SSR10-0008":[37.77829723,-122.2794348],"SSR10-0017":[37.7711319,-122.2789746],"SSR13-0022":[37.77489233,-122.2781918],"SSR10-0031":[37.77558061,-122.2780268],"SSR11-0062":[37.7736376,-122.2774636],"SSR13-0032":[37.77301333,-122.2760954],"SSR10-0042":[37.77300785,-122.2758718],"SSR13-0033":[37.77300308,-122.2756666],"SSR10-0048":[37.77073278,-122.2757107],"SSR10-0040":[37.77175776,-122.2756701],"SSR10-0046":[37.7716946,-122.2754998],"SSR10-0041":[37.77481061,-122.2743596],"SSR11-0014":[37.77561614,-122.2741439],"SSR12-0007":[37.77552722,-122.2739895],"SSR11-0016":[37.77353114,-122.2740771],"SSR13-0013":[37.77158861,-122.2714835],"SSR13-0021":[37.76433657,-122.2569313]}